Sample_name,Tree_host,Tree_log,Year,Year_since_decay_start,Site,Decay_status
2010_BA1,paper_birch,birch_01,2010,0,Ground_bark,undecayed
2010_BA2,paper_birch,birch_02,2010,0,Ground_bark,undecayed
2010_BA3,paper_birch,birch_03,2010,0,Ground_bark,undecayed
2010_BA4,paper_birch,birch_04,2010,0,Ground_bark,undecayed
2010_BA5,paper_birch,birch_05,2010,0,Ground_bark,undecayed
2010_BA6,paper_birch,birch_06,2010,0,Ground_bark,undecayed
2010_BA7,paper_birch,birch_07,2010,0,Ground_bark,undecayed
2010_BA8,paper_birch,birch_08,2010,0,Ground_bark,undecayed
2010_BA9,paper_birch,birch_09,2010,0,Ground_bark,undecayed
2010_BA10,paper_birch,birch_10,2010,0,Ground_bark,undecayed
2010_BB1,paper_birch,birch_01,2010,0,Ground_nobark,undecayed
2010_BB2,paper_birch,birch_02,2010,0,Ground_nobark,undecayed
2010_BB3,paper_birch,birch_03,2010,0,Ground_nobark,undecayed
2010_BB4,paper_birch,birch_04,2010,0,Ground_nobark,undecayed
2010_BB5,paper_birch,birch_05,2010,0,Ground_nobark,undecayed
2010_BB6,paper_birch,birch_06,2010,0,Ground_nobark,undecayed
2010_BB7,paper_birch,birch_07,2010,0,Ground_nobark,undecayed
2010_BB8,paper_birch,birch_08,2010,0,Ground_nobark,undecayed
2010_BB9,paper_birch,birch_09,2010,0,Ground_nobark,undecayed
2010_BB10,paper_birch,birch_10,2010,0,Ground_nobark,undecayed
2010_BC1,paper_birch,birch_01,2010,0,Hanging_on_pine,undecayed
2010_BC2,paper_birch,birch_02,2010,0,Hanging_on_pine,undecayed
2010_BC3,paper_birch,birch_03,2010,0,Hanging_on_pine,undecayed
2010_BC4,paper_birch,birch_04,2010,0,Hanging_on_pine,undecayed
2010_BC5,paper_birch,birch_05,2010,0,Hanging_on_pine,undecayed
2010_BC6,paper_birch,birch_06,2010,0,Hanging_on_pine,undecayed
2010_BC7,paper_birch,birch_07,2010,0,Hanging_on_pine,undecayed
2010_BC8,paper_birch,birch_08,2010,0,Hanging_on_pine,undecayed
2010_BC9,paper_birch,birch_09,2010,0,Hanging_on_pine,undecayed
2010_BC10,paper_birch,birch_10,2010,0,Hanging_on_pine,undecayed
2010_BD1,paper_birch,birch_01,2010,0,Hanging_on_birch,undecayed
2010_BD2,paper_birch,birch_02,2010,0,Hanging_on_birch,undecayed
2010_BD3,paper_birch,birch_03,2010,0,Hanging_on_birch,undecayed
2010_BD4,paper_birch,birch_04,2010,0,Hanging_on_birch,undecayed
2010_BD5,paper_birch,birch_05,2010,0,Hanging_on_birch,undecayed
2010_BD6,paper_birch,birch_06,2010,0,Hanging_on_birch,undecayed
2010_BD7,paper_birch,birch_07,2010,0,Hanging_on_birch,undecayed
2010_BD8,paper_birch,birch_08,2010,0,Hanging_on_birch,undecayed
2010_BD9,paper_birch,birch_09,2010,0,Hanging_on_birch,undecayed
2010_BD10,paper_birch,birch_10,2010,0,Hanging_on_birch,undecayed
2010_PA1,red_pine,pine_01,2010,0,Ground_bark,undecayed
2010_PA2,red_pine,pine_02,2010,0,Ground_bark,undecayed
2010_PA3,red_pine,pine_03,2010,0,Ground_bark,undecayed
2010_PA4,red_pine,pine_04,2010,0,Ground_bark,undecayed
2010_PA5,red_pine,pine_05,2010,0,Ground_bark,undecayed
2010_PA6,red_pine,pine_06,2010,0,Ground_bark,undecayed
2010_PA7,red_pine,pine_07,2010,0,Ground_bark,undecayed
2010_PA8,red_pine,pine_08,2010,0,Ground_bark,undecayed
2010_PA9,red_pine,pine_09,2010,0,Ground_bark,undecayed
2010_PA10,red_pine,pine_10,2010,0,Ground_bark,undecayed
2010_PB1,red_pine,pine_01,2010,0,Ground_nobark,undecayed
2010_PB2,red_pine,pine_02,2010,0,Ground_nobark,undecayed
2010_PB3,red_pine,pine_03,2010,0,Ground_nobark,undecayed
2010_PB4,red_pine,pine_04,2010,0,Ground_nobark,undecayed
2010_PB5,red_pine,pine_05,2010,0,Ground_nobark,undecayed
2010_PB6,red_pine,pine_06,2010,0,Ground_nobark,undecayed
2010_PB7,red_pine,pine_07,2010,0,Ground_nobark,undecayed
2010_PB8,red_pine,pine_08,2010,0,Ground_nobark,undecayed
2010_PB9,red_pine,pine_09,2010,0,Ground_nobark,undecayed
2010_PB10,red_pine,pine_10,2010,0,Ground_nobark,undecayed
2010_PC1,red_pine,pine_01,2010,0,Hanging_on_pine,undecayed
2010_PC2,red_pine,pine_02,2010,0,Hanging_on_pine,undecayed
2010_PC3,red_pine,pine_03,2010,0,Hanging_on_pine,undecayed
2010_PC4,red_pine,pine_04,2010,0,Hanging_on_pine,undecayed
2010_PC5,red_pine,pine_05,2010,0,Hanging_on_pine,undecayed
2010_PC6,red_pine,pine_06,2010,0,Hanging_on_pine,undecayed
2010_PC7,red_pine,pine_07,2010,0,Hanging_on_pine,undecayed
2010_PC8,red_pine,pine_08,2010,0,Hanging_on_pine,undecayed
2010_PC9,red_pine,pine_09,2010,0,Hanging_on_pine,undecayed
2010_PC10,red_pine,pine_10,2010,0,Hanging_on_pine,undecayed
2010_PD1,red_pine,pine_01,2010,0,Hanging_on_birch,undecayed
2010_PD2,red_pine,pine_02,2010,0,Hanging_on_birch,undecayed
2010_PD3,red_pine,pine_03,2010,0,Hanging_on_birch,undecayed
2010_PD4,red_pine,pine_04,2010,0,Hanging_on_birch,undecayed
2010_PD5,red_pine,pine_05,2010,0,Hanging_on_birch,undecayed
2010_PD6,red_pine,pine_06,2010,0,Hanging_on_birch,undecayed
2010_PD7,red_pine,pine_07,2010,0,Hanging_on_birch,undecayed
2010_PD8,red_pine,pine_08,2010,0,Hanging_on_birch,undecayed
2010_PD9,red_pine,pine_09,2010,0,Hanging_on_birch,undecayed
2010_PD10,red_pine,pine_10,2010,0,Hanging_on_birch,undecayed
2011_BA1,paper_birch,birch_01,2011,1,Ground_bark,decayed
2011_BA2,paper_birch,birch_02,2011,1,Ground_bark,decayed
2011_BA3,paper_birch,birch_03,2011,1,Ground_bark,decayed
2011_BA4,paper_birch,birch_04,2011,1,Ground_bark,decayed
2011_BA5,paper_birch,birch_05,2011,1,Ground_bark,decayed
2011_BA6,paper_birch,birch_06,2011,1,Ground_bark,decayed
2011_BA7,paper_birch,birch_07,2011,1,Ground_bark,decayed
2011_BA8,paper_birch,birch_08,2011,1,Ground_bark,decayed
2011_BA9,paper_birch,birch_09,2011,1,Ground_bark,decayed
2011_BA10,paper_birch,birch_10,2011,1,Ground_bark,decayed
2011_BB1,paper_birch,birch_01,2011,1,Ground_nobark,decayed
2011_BB2,paper_birch,birch_02,2011,1,Ground_nobark,decayed
2011_BB3,paper_birch,birch_03,2011,1,Ground_nobark,decayed
2011_BB4,paper_birch,birch_04,2011,1,Ground_nobark,decayed
2011_BB5,paper_birch,birch_05,2011,1,Ground_nobark,decayed
2011_BB6,paper_birch,birch_06,2011,1,Ground_nobark,decayed
2011_BB7,paper_birch,birch_07,2011,1,Ground_nobark,decayed
2011_BB8,paper_birch,birch_08,2011,1,Ground_nobark,decayed
2011_BB9,paper_birch,birch_09,2011,1,Ground_nobark,decayed
2011_BB10,paper_birch,birch_10,2011,1,Ground_nobark,decayed
2011_BC1,paper_birch,birch_01,2011,1,Hanging_on_pine,decayed
2011_BC2,paper_birch,birch_02,2011,1,Hanging_on_pine,decayed
2011_BC3,paper_birch,birch_03,2011,1,Hanging_on_pine,decayed
2011_BC4,paper_birch,birch_04,2011,1,Hanging_on_pine,decayed
2011_BC5,paper_birch,birch_05,2011,1,Hanging_on_pine,decayed
2011_BC6,paper_birch,birch_06,2011,1,Hanging_on_pine,decayed
2011_BC7,paper_birch,birch_07,2011,1,Hanging_on_pine,decayed
2011_BC8,paper_birch,birch_08,2011,1,Hanging_on_pine,decayed
2011_BC9,paper_birch,birch_09,2011,1,Hanging_on_pine,decayed
2011_BC10,paper_birch,birch_10,2011,1,Hanging_on_pine,decayed
2011_BD1,paper_birch,birch_01,2011,1,Hanging_on_birch,decayed
2011_BD2,paper_birch,birch_02,2011,1,Hanging_on_birch,decayed
2011_BD3,paper_birch,birch_03,2011,1,Hanging_on_birch,decayed
2011_BD4,paper_birch,birch_04,2011,1,Hanging_on_birch,decayed
2011_BD5,paper_birch,birch_05,2011,1,Hanging_on_birch,decayed
2011_BD6,paper_birch,birch_06,2011,1,Hanging_on_birch,decayed
2011_BD7,paper_birch,birch_07,2011,1,Hanging_on_birch,decayed
2011_BD8,paper_birch,birch_08,2011,1,Hanging_on_birch,decayed
2011_BD9,paper_birch,birch_09,2011,1,Hanging_on_birch,decayed
2011_BD10,paper_birch,birch_10,2011,1,Hanging_on_birch,decayed
2011_PA1,red_pine,pine_01,2011,1,Ground_bark,decayed
2011_PA2,red_pine,pine_02,2011,1,Ground_bark,decayed
2011_PA3,red_pine,pine_03,2011,1,Ground_bark,decayed
2011_PA4,red_pine,pine_04,2011,1,Ground_bark,decayed
2011_PA5,red_pine,pine_05,2011,1,Ground_bark,decayed
2011_PA6,red_pine,pine_06,2011,1,Ground_bark,decayed
2011_PA7,red_pine,pine_07,2011,1,Ground_bark,decayed
2011_PA8,red_pine,pine_08,2011,1,Ground_bark,decayed
2011_PA9,red_pine,pine_09,2011,1,Ground_bark,decayed
2011_PA10,red_pine,pine_10,2011,1,Ground_bark,decayed
2011_PB1,red_pine,pine_01,2011,1,Ground_nobark,decayed
2011_PB2,red_pine,pine_02,2011,1,Ground_nobark,decayed
2011_PB3,red_pine,pine_03,2011,1,Ground_nobark,decayed
2011_PB4,red_pine,pine_04,2011,1,Ground_nobark,decayed
2011_PB5,red_pine,pine_05,2011,1,Ground_nobark,decayed
2011_PB6,red_pine,pine_06,2011,1,Ground_nobark,decayed
2011_PB7,red_pine,pine_07,2011,1,Ground_nobark,decayed
2011_PB8,red_pine,pine_08,2011,1,Ground_nobark,decayed
2011_PB9,red_pine,pine_09,2011,1,Ground_nobark,decayed
2011_PB10,red_pine,pine_10,2011,1,Ground_nobark,decayed
2011_PC1,red_pine,pine_01,2011,1,Hanging_on_pine,decayed
2011_PC2,red_pine,pine_02,2011,1,Hanging_on_pine,decayed
2011_PC3,red_pine,pine_03,2011,1,Hanging_on_pine,decayed
2011_PC4,red_pine,pine_04,2011,1,Hanging_on_pine,decayed
2011_PC5,red_pine,pine_05,2011,1,Hanging_on_pine,decayed
2011_PC6,red_pine,pine_06,2011,1,Hanging_on_pine,decayed
2011_PC7,red_pine,pine_07,2011,1,Hanging_on_pine,decayed
2011_PC8,red_pine,pine_08,2011,1,Hanging_on_pine,decayed
2011_PC9,red_pine,pine_09,2011,1,Hanging_on_pine,decayed
2011_PC10,red_pine,pine_10,2011,1,Hanging_on_pine,decayed
2011_PD1,red_pine,pine_01,2011,1,Hanging_on_birch,decayed
2011_PD2,red_pine,pine_02,2011,1,Hanging_on_birch,decayed
2011_PD3,red_pine,pine_03,2011,1,Hanging_on_birch,decayed
2011_PD4,red_pine,pine_04,2011,1,Hanging_on_birch,decayed
2011_PD5,red_pine,pine_05,2011,1,Hanging_on_birch,decayed
2011_PD6,red_pine,pine_06,2011,1,Hanging_on_birch,decayed
2011_PD7,red_pine,pine_07,2011,1,Hanging_on_birch,decayed
2011_PD8,red_pine,pine_08,2011,1,Hanging_on_birch,decayed
2011_PD9,red_pine,pine_09,2011,1,Hanging_on_birch,decayed
2011_PD10,red_pine,pine_10,2011,1,Hanging_on_birch,decayed
2012_BA1,paper_birch,birch_01,2012,2,Ground_bark,decayed
2012_BA2,paper_birch,birch_02,2012,2,Ground_bark,decayed
2012_BA3,paper_birch,birch_03,2012,2,Ground_bark,decayed
2012_BA4,paper_birch,birch_04,2012,2,Ground_bark,decayed
2012_BA5,paper_birch,birch_05,2012,2,Ground_bark,decayed
2012_BA6,paper_birch,birch_06,2012,2,Ground_bark,decayed
2012_BA7,paper_birch,birch_07,2012,2,Ground_bark,decayed
2012_BA8,paper_birch,birch_08,2012,2,Ground_bark,decayed
2012_BA9,paper_birch,birch_09,2012,2,Ground_bark,decayed
2012_BA10,paper_birch,birch_10,2012,2,Ground_bark,decayed
2012_BB1,paper_birch,birch_01,2012,2,Ground_nobark,decayed
2012_BB2,paper_birch,birch_02,2012,2,Ground_nobark,decayed
2012_BB3,paper_birch,birch_03,2012,2,Ground_nobark,decayed
2012_BB4,paper_birch,birch_04,2012,2,Ground_nobark,decayed
2012_BB5,paper_birch,birch_05,2012,2,Ground_nobark,decayed
2012_BB6,paper_birch,birch_06,2012,2,Ground_nobark,decayed
2012_BB7,paper_birch,birch_07,2012,2,Ground_nobark,decayed
2012_BB8,paper_birch,birch_08,2012,2,Ground_nobark,decayed
2012_BB9,paper_birch,birch_09,2012,2,Ground_nobark,decayed
2012_BB10,paper_birch,birch_10,2012,2,Ground_nobark,decayed
2012_BC1,paper_birch,birch_01,2012,2,Hanging_on_pine,decayed
2012_BC2,paper_birch,birch_02,2012,2,Hanging_on_pine,decayed
2012_BC3,paper_birch,birch_03,2012,2,Hanging_on_pine,decayed
2012_BC4,paper_birch,birch_04,2012,2,Hanging_on_pine,decayed
2012_BC5,paper_birch,birch_05,2012,2,Hanging_on_pine,decayed
2012_BC6,paper_birch,birch_06,2012,2,Hanging_on_pine,decayed
2012_BC7,paper_birch,birch_07,2012,2,Hanging_on_pine,decayed
2012_BC8,paper_birch,birch_08,2012,2,Hanging_on_pine,decayed
2012_BC9,paper_birch,birch_09,2012,2,Hanging_on_pine,decayed
2012_BC10,paper_birch,birch_10,2012,2,Hanging_on_pine,decayed
2012_BD1,paper_birch,birch_01,2012,2,Hanging_on_birch,decayed
2012_BD2,paper_birch,birch_02,2012,2,Hanging_on_birch,decayed
2012_BD3,paper_birch,birch_03,2012,2,Hanging_on_birch,decayed
2012_BD4,paper_birch,birch_04,2012,2,Hanging_on_birch,decayed
2012_BD5,paper_birch,birch_05,2012,2,Hanging_on_birch,decayed
2012_BD6,paper_birch,birch_06,2012,2,Hanging_on_birch,decayed
2012_BD7,paper_birch,birch_07,2012,2,Hanging_on_birch,decayed
2012_BD8,paper_birch,birch_08,2012,2,Hanging_on_birch,decayed
2012_BD9,paper_birch,birch_09,2012,2,Hanging_on_birch,decayed
2012_BD10,paper_birch,birch_10,2012,2,Hanging_on_birch,decayed
2012_PA1,red_pine,pine_01,2012,2,Ground_bark,decayed
2012_PA2,red_pine,pine_02,2012,2,Ground_bark,decayed
2012_PA3,red_pine,pine_03,2012,2,Ground_bark,decayed
2012_PA4,red_pine,pine_04,2012,2,Ground_bark,decayed
2012_PA5,red_pine,pine_05,2012,2,Ground_bark,decayed
2012_PA6,red_pine,pine_06,2012,2,Ground_bark,decayed
2012_PA7,red_pine,pine_07,2012,2,Ground_bark,decayed
2012_PA8,red_pine,pine_08,2012,2,Ground_bark,decayed
2012_PA9,red_pine,pine_09,2012,2,Ground_bark,decayed
2012_PA10,red_pine,pine_10,2012,2,Ground_bark,decayed
2012_PB1,red_pine,pine_01,2012,2,Ground_nobark,decayed
2012_PB2,red_pine,pine_02,2012,2,Ground_nobark,decayed
2012_PB3,red_pine,pine_03,2012,2,Ground_nobark,decayed
2012_PB4,red_pine,pine_04,2012,2,Ground_nobark,decayed
2012_PB5,red_pine,pine_05,2012,2,Ground_nobark,decayed
2012_PB6,red_pine,pine_06,2012,2,Ground_nobark,decayed
2012_PB7,red_pine,pine_07,2012,2,Ground_nobark,decayed
2012_PB8,red_pine,pine_08,2012,2,Ground_nobark,decayed
2012_PB9,red_pine,pine_09,2012,2,Ground_nobark,decayed
2012_PB10,red_pine,pine_10,2012,2,Ground_nobark,decayed
2012_PC1,red_pine,pine_01,2012,2,Hanging_on_pine,decayed
2012_PC2,red_pine,pine_02,2012,2,Hanging_on_pine,decayed
2012_PC3,red_pine,pine_03,2012,2,Hanging_on_pine,decayed
2012_PC4,red_pine,pine_04,2012,2,Hanging_on_pine,decayed
2012_PC5,red_pine,pine_05,2012,2,Hanging_on_pine,decayed
2012_PC6,red_pine,pine_06,2012,2,Hanging_on_pine,decayed
2012_PC7,red_pine,pine_07,2012,2,Hanging_on_pine,decayed
2012_PC8,red_pine,pine_08,2012,2,Hanging_on_pine,decayed
2012_PC9,red_pine,pine_09,2012,2,Hanging_on_pine,decayed
2012_PC10,red_pine,pine_10,2012,2,Hanging_on_pine,decayed
2012_PD1,red_pine,pine_01,2012,2,Hanging_on_birch,decayed
2012_PD2,red_pine,pine_02,2012,2,Hanging_on_birch,decayed
2012_PD3,red_pine,pine_03,2012,2,Hanging_on_birch,decayed
2012_PD4,red_pine,pine_04,2012,2,Hanging_on_birch,decayed
2012_PD5,red_pine,pine_05,2012,2,Hanging_on_birch,decayed
2012_PD6,red_pine,pine_06,2012,2,Hanging_on_birch,decayed
2012_PD7,red_pine,pine_07,2012,2,Hanging_on_birch,decayed
2012_PD8,red_pine,pine_08,2012,2,Hanging_on_birch,decayed
2012_PD9,red_pine,pine_09,2012,2,Hanging_on_birch,decayed
2012_PD10,red_pine,pine_10,2012,2,Hanging_on_birch,decayed
2013_BA1,paper_birch,birch_01,2013,3,Ground_bark,decayed
2013_BA2,paper_birch,birch_02,2013,3,Ground_bark,decayed
2013_BA3,paper_birch,birch_03,2013,3,Ground_bark,decayed
2013_BA4,paper_birch,birch_04,2013,3,Ground_bark,decayed
2013_BA5,paper_birch,birch_05,2013,3,Ground_bark,decayed
2013_BA6,paper_birch,birch_06,2013,3,Ground_bark,decayed
2013_BA7,paper_birch,birch_07,2013,3,Ground_bark,decayed
2013_BA8,paper_birch,birch_08,2013,3,Ground_bark,decayed
2013_BA9,paper_birch,birch_09,2013,3,Ground_bark,decayed
2013_BA10,paper_birch,birch_10,2013,3,Ground_bark,decayed
2013_BB1,paper_birch,birch_01,2013,3,Ground_nobark,decayed
2013_BB2,paper_birch,birch_02,2013,3,Ground_nobark,decayed
2013_BB3,paper_birch,birch_03,2013,3,Ground_nobark,decayed
2013_BB4,paper_birch,birch_04,2013,3,Ground_nobark,decayed
2013_BB5,paper_birch,birch_05,2013,3,Ground_nobark,decayed
2013_BB6,paper_birch,birch_06,2013,3,Ground_nobark,decayed
2013_BB7,paper_birch,birch_07,2013,3,Ground_nobark,decayed
2013_BB8,paper_birch,birch_08,2013,3,Ground_nobark,decayed
2013_BB9,paper_birch,birch_09,2013,3,Ground_nobark,decayed
2013_BB10,paper_birch,birch_10,2013,3,Ground_nobark,decayed
2013_BC1,paper_birch,birch_01,2013,3,Hanging_on_pine,decayed
2013_BC2,paper_birch,birch_02,2013,3,Hanging_on_pine,decayed
2013_BC3,paper_birch,birch_03,2013,3,Hanging_on_pine,decayed
2013_BC4,paper_birch,birch_04,2013,3,Hanging_on_pine,decayed
2013_BC5,paper_birch,birch_05,2013,3,Hanging_on_pine,decayed
2013_BC6,paper_birch,birch_06,2013,3,Hanging_on_pine,decayed
2013_BC7,paper_birch,birch_07,2013,3,Hanging_on_pine,decayed
2013_BC8,paper_birch,birch_08,2013,3,Hanging_on_pine,decayed
2013_BC9,paper_birch,birch_09,2013,3,Hanging_on_pine,decayed
2013_BC10,paper_birch,birch_10,2013,3,Hanging_on_pine,decayed
2013_BD1,paper_birch,birch_01,2013,3,Hanging_on_birch,decayed
2013_BD2,paper_birch,birch_02,2013,3,Hanging_on_birch,decayed
2013_BD3,paper_birch,birch_03,2013,3,Hanging_on_birch,decayed
2013_BD4,paper_birch,birch_04,2013,3,Hanging_on_birch,decayed
2013_BD5,paper_birch,birch_05,2013,3,Hanging_on_birch,decayed
2013_BD6,paper_birch,birch_06,2013,3,Hanging_on_birch,decayed
2013_BD7,paper_birch,birch_07,2013,3,Hanging_on_birch,decayed
2013_BD8,paper_birch,birch_08,2013,3,Hanging_on_birch,decayed
2013_BD9,paper_birch,birch_09,2013,3,Hanging_on_birch,decayed
2013_BD10,paper_birch,birch_10,2013,3,Hanging_on_birch,decayed
2013_PA1,red_pine,pine_01,2013,3,Ground_bark,decayed
2013_PA2,red_pine,pine_02,2013,3,Ground_bark,decayed
2013_PA3,red_pine,pine_03,2013,3,Ground_bark,decayed
2013_PA4,red_pine,pine_04,2013,3,Ground_bark,decayed
2013_PA5,red_pine,pine_05,2013,3,Ground_bark,decayed
2013_PA6,red_pine,pine_06,2013,3,Ground_bark,decayed
2013_PA7,red_pine,pine_07,2013,3,Ground_bark,decayed
2013_PA8,red_pine,pine_08,2013,3,Ground_bark,decayed
2013_PA9,red_pine,pine_09,2013,3,Ground_bark,decayed
2013_PA10,red_pine,pine_10,2013,3,Ground_bark,decayed
2013_PB1,red_pine,pine_01,2013,3,Ground_nobark,decayed
2013_PB2,red_pine,pine_02,2013,3,Ground_nobark,decayed
2013_PB3,red_pine,pine_03,2013,3,Ground_nobark,decayed
2013_PB4,red_pine,pine_04,2013,3,Ground_nobark,decayed
2013_PB5,red_pine,pine_05,2013,3,Ground_nobark,decayed
2013_PB6,red_pine,pine_06,2013,3,Ground_nobark,decayed
2013_PB7,red_pine,pine_07,2013,3,Ground_nobark,decayed
2013_PB8,red_pine,pine_08,2013,3,Ground_nobark,decayed
2013_PB9,red_pine,pine_09,2013,3,Ground_nobark,decayed
2013_PB10,red_pine,pine_10,2013,3,Ground_nobark,decayed
2013_PC1,red_pine,pine_01,2013,3,Hanging_on_pine,decayed
2013_PC2,red_pine,pine_02,2013,3,Hanging_on_pine,decayed
2013_PC3,red_pine,pine_03,2013,3,Hanging_on_pine,decayed
2013_PC4,red_pine,pine_04,2013,3,Hanging_on_pine,decayed
2013_PC5,red_pine,pine_05,2013,3,Hanging_on_pine,decayed
2013_PC6,red_pine,pine_06,2013,3,Hanging_on_pine,decayed
2013_PC7,red_pine,pine_07,2013,3,Hanging_on_pine,decayed
2013_PC8,red_pine,pine_08,2013,3,Hanging_on_pine,decayed
2013_PC9,red_pine,pine_09,2013,3,Hanging_on_pine,decayed
2013_PC10,red_pine,pine_10,2013,3,Hanging_on_pine,decayed
2013_PD1,red_pine,pine_01,2013,3,Hanging_on_birch,decayed
2013_PD2,red_pine,pine_02,2013,3,Hanging_on_birch,decayed
2013_PD3,red_pine,pine_03,2013,3,Hanging_on_birch,decayed
2013_PD4,red_pine,pine_04,2013,3,Hanging_on_birch,decayed
2013_PD5,red_pine,pine_05,2013,3,Hanging_on_birch,decayed
2013_PD6,red_pine,pine_06,2013,3,Hanging_on_birch,decayed
2013_PD7,red_pine,pine_07,2013,3,Hanging_on_birch,decayed
2013_PD8,red_pine,pine_08,2013,3,Hanging_on_birch,decayed
2013_PD9,red_pine,pine_09,2013,3,Hanging_on_birch,decayed
2013_PD10,red_pine,pine_10,2013,3,Hanging_on_birch,decayed
2014_BA1,paper_birch,birch_01,2014,4,Ground_bark,decayed
2014_BA2,paper_birch,birch_02,2014,4,Ground_bark,decayed
2014_BA3,paper_birch,birch_03,2014,4,Ground_bark,decayed
2014_BA4,paper_birch,birch_04,2014,4,Ground_bark,decayed
2014_BA5,paper_birch,birch_05,2014,4,Ground_bark,decayed
2014_BA6,paper_birch,birch_06,2014,4,Ground_bark,decayed
2014_BA7,paper_birch,birch_07,2014,4,Ground_bark,decayed
2014_BA8,paper_birch,birch_08,2014,4,Ground_bark,decayed
2014_BA9,paper_birch,birch_09,2014,4,Ground_bark,decayed
2014_BA10,paper_birch,birch_10,2014,4,Ground_bark,decayed
2014_BB1,paper_birch,birch_01,2014,4,Ground_nobark,decayed
2014_BB2,paper_birch,birch_02,2014,4,Ground_nobark,decayed
2014_BB3,paper_birch,birch_03,2014,4,Ground_nobark,decayed
2014_BB4,paper_birch,birch_04,2014,4,Ground_nobark,decayed
2014_BB5,paper_birch,birch_05,2014,4,Ground_nobark,decayed
2014_BB6,paper_birch,birch_06,2014,4,Ground_nobark,decayed
2014_BB7,paper_birch,birch_07,2014,4,Ground_nobark,decayed
2014_BB8,paper_birch,birch_08,2014,4,Ground_nobark,decayed
2014_BB9,paper_birch,birch_09,2014,4,Ground_nobark,decayed
2014_BB10,paper_birch,birch_10,2014,4,Ground_nobark,decayed
2014_BC1,paper_birch,birch_01,2014,4,Hanging_on_pine,decayed
2014_BC2,paper_birch,birch_02,2014,4,Hanging_on_pine,decayed
2014_BC3,paper_birch,birch_03,2014,4,Hanging_on_pine,decayed
2014_BC4,paper_birch,birch_04,2014,4,Hanging_on_pine,decayed
2014_BC5,paper_birch,birch_05,2014,4,Hanging_on_pine,decayed
2014_BC6,paper_birch,birch_06,2014,4,Hanging_on_pine,decayed
2014_BC7,paper_birch,birch_07,2014,4,Hanging_on_pine,decayed
2014_BC8,paper_birch,birch_08,2014,4,Hanging_on_pine,decayed
2014_BC9,paper_birch,birch_09,2014,4,Hanging_on_pine,decayed
2014_BC10,paper_birch,birch_10,2014,4,Hanging_on_pine,decayed
2014_BD1,paper_birch,birch_01,2014,4,Hanging_on_birch,decayed
2014_BD2,paper_birch,birch_02,2014,4,Hanging_on_birch,decayed
2014_BD3,paper_birch,birch_03,2014,4,Hanging_on_birch,decayed
2014_BD4,paper_birch,birch_04,2014,4,Hanging_on_birch,decayed
2014_BD5,paper_birch,birch_05,2014,4,Hanging_on_birch,decayed
2014_BD6,paper_birch,birch_06,2014,4,Hanging_on_birch,decayed
2014_BD7,paper_birch,birch_07,2014,4,Hanging_on_birch,decayed
2014_BD8,paper_birch,birch_08,2014,4,Hanging_on_birch,decayed
2014_BD9,paper_birch,birch_09,2014,4,Hanging_on_birch,decayed
2014_BD10,paper_birch,birch_10,2014,4,Hanging_on_birch,decayed
2014_PA1,red_pine,pine_01,2014,4,Ground_bark,decayed
2014_PA2,red_pine,pine_02,2014,4,Ground_bark,decayed
2014_PA3,red_pine,pine_03,2014,4,Ground_bark,decayed
2014_PA4,red_pine,pine_04,2014,4,Ground_bark,decayed
2014_PA5,red_pine,pine_05,2014,4,Ground_bark,decayed
2014_PA6,red_pine,pine_06,2014,4,Ground_bark,decayed
2014_PA7,red_pine,pine_07,2014,4,Ground_bark,decayed
2014_PA8,red_pine,pine_08,2014,4,Ground_bark,decayed
2014_PA9,red_pine,pine_09,2014,4,Ground_bark,decayed
2014_PA10,red_pine,pine_10,2014,4,Ground_bark,decayed
2014_PB1,red_pine,pine_01,2014,4,Ground_nobark,decayed
2014_PB2,red_pine,pine_02,2014,4,Ground_nobark,decayed
2014_PB3,red_pine,pine_03,2014,4,Ground_nobark,decayed
2014_PB4,red_pine,pine_04,2014,4,Ground_nobark,decayed
2014_PB5,red_pine,pine_05,2014,4,Ground_nobark,decayed
2014_PB6,red_pine,pine_06,2014,4,Ground_nobark,decayed
2014_PB7,red_pine,pine_07,2014,4,Ground_nobark,decayed
2014_PB8,red_pine,pine_08,2014,4,Ground_nobark,decayed
2014_PB9,red_pine,pine_09,2014,4,Ground_nobark,decayed
2014_PB10,red_pine,pine_10,2014,4,Ground_nobark,decayed
2014_PC1,red_pine,pine_01,2014,4,Hanging_on_pine,decayed
2014_PC2,red_pine,pine_02,2014,4,Hanging_on_pine,decayed
2014_PC3,red_pine,pine_03,2014,4,Hanging_on_pine,decayed
2014_PC4,red_pine,pine_04,2014,4,Hanging_on_pine,decayed
2014_PC5,red_pine,pine_05,2014,4,Hanging_on_pine,decayed
2014_PC6,red_pine,pine_06,2014,4,Hanging_on_pine,decayed
2014_PC7,red_pine,pine_07,2014,4,Hanging_on_pine,decayed
2014_PC8,red_pine,pine_08,2014,4,Hanging_on_pine,decayed
2014_PC9,red_pine,pine_09,2014,4,Hanging_on_pine,decayed
2014_PC10,red_pine,pine_10,2014,4,Hanging_on_pine,decayed
2014_PD1,red_pine,pine_01,2014,4,Hanging_on_birch,decayed
2014_PD2,red_pine,pine_02,2014,4,Hanging_on_birch,decayed
2014_PD3,red_pine,pine_03,2014,4,Hanging_on_birch,decayed
2014_PD4,red_pine,pine_04,2014,4,Hanging_on_birch,decayed
2014_PD5,red_pine,pine_05,2014,4,Hanging_on_birch,decayed
2014_PD6,red_pine,pine_06,2014,4,Hanging_on_birch,decayed
2014_PD7,red_pine,pine_07,2014,4,Hanging_on_birch,decayed
2014_PD8,red_pine,pine_08,2014,4,Hanging_on_birch,decayed
2014_PD9,red_pine,pine_09,2014,4,Hanging_on_birch,decayed
2014_PD10,red_pine,pine_10,2014,4,Hanging_on_birch,decayed
2015_BA1,paper_birch,birch_01,2015,5,Ground_bark,decayed
2015_BA2,paper_birch,birch_02,2015,5,Ground_bark,decayed
2015_BA3,paper_birch,birch_03,2015,5,Ground_bark,decayed
2015_BA4,paper_birch,birch_04,2015,5,Ground_bark,decayed
2015_BA5,paper_birch,birch_05,2015,5,Ground_bark,decayed
2015_BA6,paper_birch,birch_06,2015,5,Ground_bark,decayed
2015_BA7,paper_birch,birch_07,2015,5,Ground_bark,decayed
2015_BA8,paper_birch,birch_08,2015,5,Ground_bark,decayed
2015_BA9,paper_birch,birch_09,2015,5,Ground_bark,decayed
2015_BA10,paper_birch,birch_10,2015,5,Ground_bark,decayed
2015_BB1,paper_birch,birch_01,2015,5,Ground_nobark,decayed
2015_BB2,paper_birch,birch_02,2015,5,Ground_nobark,decayed
2015_BB3,paper_birch,birch_03,2015,5,Ground_nobark,decayed
2015_BB4,paper_birch,birch_04,2015,5,Ground_nobark,decayed
2015_BB5,paper_birch,birch_05,2015,5,Ground_nobark,decayed
2015_BB6,paper_birch,birch_06,2015,5,Ground_nobark,decayed
2015_BB7,paper_birch,birch_07,2015,5,Ground_nobark,decayed
2015_BB8,paper_birch,birch_08,2015,5,Ground_nobark,decayed
2015_BB9,paper_birch,birch_09,2015,5,Ground_nobark,decayed
2015_BB10,paper_birch,birch_10,2015,5,Ground_nobark,decayed
2015_BC1,paper_birch,birch_01,2015,5,Hanging_on_pine,decayed
2015_BC2,paper_birch,birch_02,2015,5,Hanging_on_pine,decayed
2015_BC3,paper_birch,birch_03,2015,5,Hanging_on_pine,decayed
2015_BC4,paper_birch,birch_04,2015,5,Hanging_on_pine,decayed
2015_BC5,paper_birch,birch_05,2015,5,Hanging_on_pine,decayed
2015_BC6,paper_birch,birch_06,2015,5,Hanging_on_pine,decayed
2015_BC7,paper_birch,birch_07,2015,5,Hanging_on_pine,decayed
2015_BC8,paper_birch,birch_08,2015,5,Hanging_on_pine,decayed
2015_BC9,paper_birch,birch_09,2015,5,Hanging_on_pine,decayed
2015_BC10,paper_birch,birch_10,2015,5,Hanging_on_pine,decayed
2015_BD1,paper_birch,birch_01,2015,5,Hanging_on_birch,decayed
2015_BD2,paper_birch,birch_02,2015,5,Hanging_on_birch,decayed
2015_BD3,paper_birch,birch_03,2015,5,Hanging_on_birch,decayed
2015_BD4,paper_birch,birch_04,2015,5,Hanging_on_birch,decayed
2015_BD5,paper_birch,birch_05,2015,5,Hanging_on_birch,decayed
2015_BD6,paper_birch,birch_06,2015,5,Hanging_on_birch,decayed
2015_BD7,paper_birch,birch_07,2015,5,Hanging_on_birch,decayed
2015_BD8,paper_birch,birch_08,2015,5,Hanging_on_birch,decayed
2015_BD9,paper_birch,birch_09,2015,5,Hanging_on_birch,decayed
2015_BD10,paper_birch,birch_10,2015,5,Hanging_on_birch,decayed
2015_PA1,red_pine,pine_01,2015,5,Ground_bark,decayed
2015_PA2,red_pine,pine_02,2015,5,Ground_bark,decayed
2015_PA3,red_pine,pine_03,2015,5,Ground_bark,decayed
2015_PA4,red_pine,pine_04,2015,5,Ground_bark,decayed
2015_PA5,red_pine,pine_05,2015,5,Ground_bark,decayed
2015_PA6,red_pine,pine_06,2015,5,Ground_bark,decayed
2015_PA7,red_pine,pine_07,2015,5,Ground_bark,decayed
2015_PA8,red_pine,pine_08,2015,5,Ground_bark,decayed
2015_PA9,red_pine,pine_09,2015,5,Ground_bark,decayed
2015_PA10,red_pine,pine_10,2015,5,Ground_bark,decayed
2015_PB1,red_pine,pine_01,2015,5,Ground_nobark,decayed
2015_PB2,red_pine,pine_02,2015,5,Ground_nobark,decayed
2015_PB3,red_pine,pine_03,2015,5,Ground_nobark,decayed
2015_PB4,red_pine,pine_04,2015,5,Ground_nobark,decayed
2015_PB5,red_pine,pine_05,2015,5,Ground_nobark,decayed
2015_PB6,red_pine,pine_06,2015,5,Ground_nobark,decayed
2015_PB7,red_pine,pine_07,2015,5,Ground_nobark,decayed
2015_PB8,red_pine,pine_08,2015,5,Ground_nobark,decayed
2015_PB9,red_pine,pine_09,2015,5,Ground_nobark,decayed
2015_PB10,red_pine,pine_10,2015,5,Ground_nobark,decayed
2015_PC1,red_pine,pine_01,2015,5,Hanging_on_pine,decayed
2015_PC2,red_pine,pine_02,2015,5,Hanging_on_pine,decayed
2015_PC3,red_pine,pine_03,2015,5,Hanging_on_pine,decayed
2015_PC4,red_pine,pine_04,2015,5,Hanging_on_pine,decayed
2015_PC5,red_pine,pine_05,2015,5,Hanging_on_pine,decayed
2015_PC6,red_pine,pine_06,2015,5,Hanging_on_pine,decayed
2015_PC7,red_pine,pine_07,2015,5,Hanging_on_pine,decayed
2015_PC8,red_pine,pine_08,2015,5,Hanging_on_pine,decayed
2015_PC9,red_pine,pine_09,2015,5,Hanging_on_pine,decayed
2015_PC10,red_pine,pine_10,2015,5,Hanging_on_pine,decayed
2015_PD1,red_pine,pine_01,2015,5,Hanging_on_birch,decayed
2015_PD2,red_pine,pine_02,2015,5,Hanging_on_birch,decayed
2015_PD3,red_pine,pine_03,2015,5,Hanging_on_birch,decayed
2015_PD4,red_pine,pine_04,2015,5,Hanging_on_birch,decayed
2015_PD5,red_pine,pine_05,2015,5,Hanging_on_birch,decayed
2015_PD6,red_pine,pine_06,2015,5,Hanging_on_birch,decayed
2015_PD7,red_pine,pine_07,2015,5,Hanging_on_birch,decayed
2015_PD8,red_pine,pine_08,2015,5,Hanging_on_birch,decayed
2015_PD9,red_pine,pine_09,2015,5,Hanging_on_birch,decayed
2015_PD10,red_pine,pine_10,2015,5,Hanging_on_birch,decayed
2017_BA1,paper_birch,birch_01,2017,7,Ground_bark,decayed
2017_BA2,paper_birch,birch_02,2017,7,Ground_bark,decayed
2017_BA3,paper_birch,birch_03,2017,7,Ground_bark,decayed
2017_BA4,paper_birch,birch_04,2017,7,Ground_bark,decayed
2017_BA5,paper_birch,birch_05,2017,7,Ground_bark,decayed
2017_BA6,paper_birch,birch_06,2017,7,Ground_bark,decayed
2017_BA7,paper_birch,birch_07,2017,7,Ground_bark,decayed
2017_BA8,paper_birch,birch_08,2017,7,Ground_bark,decayed
2017_BA9,paper_birch,birch_09,2017,7,Ground_bark,decayed
2017_BA10,paper_birch,birch_10,2017,7,Ground_bark,decayed
2017_BB1,paper_birch,birch_01,2017,7,Ground_nobark,decayed
2017_BB2,paper_birch,birch_02,2017,7,Ground_nobark,decayed
2017_BB3,paper_birch,birch_03,2017,7,Ground_nobark,decayed
2017_BB4,paper_birch,birch_04,2017,7,Ground_nobark,decayed
2017_BB5,paper_birch,birch_05,2017,7,Ground_nobark,decayed
2017_BB6,paper_birch,birch_06,2017,7,Ground_nobark,decayed
2017_BB7,paper_birch,birch_07,2017,7,Ground_nobark,decayed
2017_BB8,paper_birch,birch_08,2017,7,Ground_nobark,decayed
2017_BB9,paper_birch,birch_09,2017,7,Ground_nobark,decayed
2017_BB10,paper_birch,birch_10,2017,7,Ground_nobark,decayed
2017_BC1,paper_birch,birch_01,2017,7,Hanging_on_pine,decayed
2017_BC2,paper_birch,birch_02,2017,7,Hanging_on_pine,decayed
2017_BC3,paper_birch,birch_03,2017,7,Hanging_on_pine,decayed
2017_BC4,paper_birch,birch_04,2017,7,Hanging_on_pine,decayed
2017_BC5,paper_birch,birch_05,2017,7,Hanging_on_pine,decayed
2017_BC6,paper_birch,birch_06,2017,7,Hanging_on_pine,decayed
2017_BC7,paper_birch,birch_07,2017,7,Hanging_on_pine,decayed
2017_BC8,paper_birch,birch_08,2017,7,Hanging_on_pine,decayed
2017_BC9,paper_birch,birch_09,2017,7,Hanging_on_pine,decayed
2017_BC10,paper_birch,birch_10,2017,7,Hanging_on_pine,decayed
2017_BD1,paper_birch,birch_01,2017,7,Hanging_on_birch,decayed
2017_BD2,paper_birch,birch_02,2017,7,Hanging_on_birch,decayed
2017_BD3,paper_birch,birch_03,2017,7,Hanging_on_birch,decayed
2017_BD4,paper_birch,birch_04,2017,7,Hanging_on_birch,decayed
2017_BD5,paper_birch,birch_05,2017,7,Hanging_on_birch,decayed
2017_BD6,paper_birch,birch_06,2017,7,Hanging_on_birch,decayed
2017_BD7,paper_birch,birch_07,2017,7,Hanging_on_birch,decayed
2017_BD8,paper_birch,birch_08,2017,7,Hanging_on_birch,decayed
2017_BD9,paper_birch,birch_09,2017,7,Hanging_on_birch,decayed
2017_BD10,paper_birch,birch_10,2017,7,Hanging_on_birch,decayed
2017_PA1,red_pine,pine_01,2017,7,Ground_bark,decayed
2017_PA2,red_pine,pine_02,2017,7,Ground_bark,decayed
2017_PA3,red_pine,pine_03,2017,7,Ground_bark,decayed
2017_PA4,red_pine,pine_04,2017,7,Ground_bark,decayed
2017_PA5,red_pine,pine_05,2017,7,Ground_bark,decayed
2017_PA6,red_pine,pine_06,2017,7,Ground_bark,decayed
2017_PA7,red_pine,pine_07,2017,7,Ground_bark,decayed
2017_PA8,red_pine,pine_08,2017,7,Ground_bark,decayed
2017_PA9,red_pine,pine_09,2017,7,Ground_bark,decayed
2017_PA10,red_pine,pine_10,2017,7,Ground_bark,decayed
2017_PB1,red_pine,pine_01,2017,7,Ground_nobark,decayed
2017_PB2,red_pine,pine_02,2017,7,Ground_nobark,decayed
2017_PB3,red_pine,pine_03,2017,7,Ground_nobark,decayed
2017_PB4,red_pine,pine_04,2017,7,Ground_nobark,decayed
2017_PB5,red_pine,pine_05,2017,7,Ground_nobark,decayed
2017_PB6,red_pine,pine_06,2017,7,Ground_nobark,decayed
2017_PB7,red_pine,pine_07,2017,7,Ground_nobark,decayed
2017_PB8,red_pine,pine_08,2017,7,Ground_nobark,decayed
2017_PB9,red_pine,pine_09,2017,7,Ground_nobark,decayed
2017_PB10,red_pine,pine_10,2017,7,Ground_nobark,decayed
2017_PC1,red_pine,pine_01,2017,7,Hanging_on_pine,decayed
2017_PC2,red_pine,pine_02,2017,7,Hanging_on_pine,decayed
2017_PC3,red_pine,pine_03,2017,7,Hanging_on_pine,decayed
2017_PC4,red_pine,pine_04,2017,7,Hanging_on_pine,decayed
2017_PC5,red_pine,pine_05,2017,7,Hanging_on_pine,decayed
2017_PC6,red_pine,pine_06,2017,7,Hanging_on_pine,decayed
2017_PC7,red_pine,pine_07,2017,7,Hanging_on_pine,decayed
2017_PC8,red_pine,pine_08,2017,7,Hanging_on_pine,decayed
2017_PC9,red_pine,pine_09,2017,7,Hanging_on_pine,decayed
2017_PC10,red_pine,pine_10,2017,7,Hanging_on_pine,decayed
2017_PD1,red_pine,pine_01,2017,7,Hanging_on_birch,decayed
2017_PD2,red_pine,pine_02,2017,7,Hanging_on_birch,decayed
2017_PD3,red_pine,pine_03,2017,7,Hanging_on_birch,decayed
2017_PD4,red_pine,pine_04,2017,7,Hanging_on_birch,decayed
2017_PD5,red_pine,pine_05,2017,7,Hanging_on_birch,decayed
2017_PD6,red_pine,pine_06,2017,7,Hanging_on_birch,decayed
2017_PD7,red_pine,pine_07,2017,7,Hanging_on_birch,decayed
2017_PD8,red_pine,pine_08,2017,7,Hanging_on_birch,decayed
2017_PD9,red_pine,pine_09,2017,7,Hanging_on_birch,decayed
2017_PD10,red_pine,pine_10,2017,7,Hanging_on_birch,decayed